Niklas,Landin Jacobsen,t,Danemark
Mads,Christiansen,t,Danemark
Mads,Mensah Larsen,t,Danemark
Casper,Ulrich Mortensen,t,Danemark
Jesper,Nøddesbo,t,Danemark
Jannick,Green,t,Danemark
Lasse,Svan Hansen,t,Danemark
Rene,Toft Hansen,t,Danemark
Henrik,Møllgaard,t,Danemark
Kasper,Søndergaard,t,Danemark
Henrik,Toft Hansen,t,Danemark
Mikkel,Hansen,t,Danemark
Michael,Damgaard,t,Danemark
Morten,Olsen,t,Danemark
Vincent,Gérard,t,France
Thierry,Omeyer,t,France
Luc,Abalo,t,France
Michaël,Guigou,t,France
Kentin,Mahé,t,France
Adrien,Dipanda,t,France
Mathieu,Grebille,t,France
Timothey,N'Guessan,t,France
Valentin,Porte,t,France
Nikola,Karabatic,t,France
Daniel,Narcisse,t,France
Ludovic,Fabregas,t,France
Luka,Karabatic,t,France
Cédric,Sorhaindo,t,France
Sławomir,Szmal,t,Pologne
Piotr,Wyszomirski,t,Pologne
Przemysław,Krajewski,t,Pologne
Adam,Wiśniewski,t,Pologne
Michał,Daszek,t,Pologne
Mateusz,Jachlewski,t,Pologne
Krzysztof,Lijewski,t,Pologne
Karol,Bielecki,t,Pologne
Michał,Jurecki,t,Pologne
Michał,Szyba,t,Pologne
Łukasz,Gierak,t,Pologne
Bartosz,Jurecki,t,Pologne
Mateusz,Kus,t,Pologne
Kamil,Syprzak,t,Pologne
Silvio,Heinevetter,t,Allemagne
Andreas,Wolff,t,Allemagne
Uwe,Gensheimer,t,Allemagne
Tobias,Reichmann,t,Allemagne
Patrick,Groetzki,t,Allemagne
Martin,Strobel,t,Allemagne
Paul,Drux,t,Allemagne
Finn,Lemke,t,Allemagne
Julius,Kühn,t,Allemagne
Christian,Dissinger,t,Allemagne
Steffen,Fäth,t,Allemagne
Fabian,Wiede,t,Allemagne
Kai,Häfner,t,Allemagne
Patrick,Wiencek,t,Allemagne
Hendrik,Pekeler,t,Allemagne
Ivan,Stevanović,t,Croatie
Lovro,Mihić,t,Croatie
Domagoj,Duvnjak ,t,Croatie
Luka,Stepančić,t,Croatie
Marko,Kopljar,t,Croatie
Igor,Vori,t,Croatie
Jakov,Gojun,t,Croatie
Ivan,Pesić ,t,Croatie
Zlatko,Horvat,t,Croatie
Igor,Karačić,t,Croatie
Denis,Buntić  ,t,Croatie
Stipe,Mandalinić,t,Croatie
Mirko,Alilović ,t,Croatie
Manuel,Štrlek,t,Croatie
Ivan,Čupić,t,Croatie
Željko,Musa,t,Croatie
Marko,Mamić,t,Croatie
Luka,Cindrić,t,Croatie
Marino,Marić ,t,Croatie
Matevž,Skok,t,Slovenie
Blaž,Blagotinšek,t,Slovenie
Nik,Henigman ,t,Slovenie
Gašper,Marguč,t,Slovenie
Vid,Kavtičnik,t,Slovenie
Blaž,Janc,t,Slovenie
Gregor,Potočnik ,t,Slovenie
Darko,Cingesar,t,Slovenie
Miha,Zarabec,t,Slovenie
Marko,Bezjak,t,Slovenie
Jan,Grebenc,t,Slovenie
Igor,Žabič,t,Slovenie
Borut,Mačkovšek,t,Slovenie
Žiga,Mlakar,t,Slovenie
Urban,Lesjak,t,Slovenie
Matic,Suholežnik,t,Slovenie
Maik,Santos,t,Bresil
César,Almeida,t,Bresil
Lucas,Cândido,t,Bresil
André,Soares,t,Bresil
Fábio,Chiuffa,t,Bresil
Henrique,Teixeira,t,Bresil
João,Pedro Silva,t,Bresil
José,Toledo,t,Bresil
Thiagus,dos Santos,t,Bresil
Diogo,Hubner,t,Bresil
Oswaldo,Guimarães,t,Bresil
Leonardo,Santos,t,Bresil
Haniel,Langaro,t,Bresil
Alexandro,Pozzer,t,Bresil
Danijel,Šarić,t,Qatar
Goran,Stojanović,t,Qatar
Abdulrazzaq,Murad,t,Qatar
Eldar,Memišević,t,Qatar
Nasreddine,Megdich,t,Qatar
Žarko,Marković,t,Qatar
Hassan,Mabrouk,t,Qatar
Marko,Bargaric,t,Qatar
Bertrand,Roiné,t,Qatar
Rafael,Capote,t,Qatar
Kamalaldin,Mallash,t,Qatar
Ameen,Zakkar,t,Qatar
Bassel,Alrayes,t,Qatar
Borja,Fernández,t,Qatar
Laura,Glauser,f,France
Blandine,Dancette,f,France
Camille,Ayglon,f,France
Allison,Pineau,f,France
Laurisa,Landre,f,France
Grâce,Zaadi,f,France
Marie,Prouvensier,f,France
Amandine,Leynaud,f,France
Manon,Houette,f,France
Siraba,Dembélé ,f,France
Chloé,Bulleux,f,France
Béatrice,Edwige,f,France
Estelle,Nze Minko,f,France
Gnonsiane,Niombla,f,France
Alexandra,Lacrabère,f,France
Anna,Sedoïkina,f,Russie
Polina,Kouznetsova,f,Russie
Anna,Kochetova,f,Russie
Daria,Dmitrieva,f,Russie
Anna,Sen,f,Russie
Anna,Viakhireva,f,Russie
Marina,Soudakova,f,Russie
Daria,Samokhina,f,Russie
Ksenia,Makeeva,f,Russie
Elizaveta,Malashenko,f,Russie
Iulia,Managarova,f,Russie
Antonina,Skorobogatchenko,f,Russie
Kira,Trusova,f,Russie
Maïa,Petrova,f,Russie
Iaroslava,Frolova,f,Russie
Irina,Snopova,f,Russie
Laura,van der Heijden,f,Pays-Bas
Lois,Abbingh,f,Pays-Bas
Sanne,van Olphen,f,Pays-Bas
Danick,Snelder,f,Pays-Bas
Yvette,Broch,f,Pays-Bas
Nycke,Groot,f,Pays-Bas
Kelly,Dulfer,f,Pays-Bas
Michelle,Goos,f,Pays-Bas
Jasmina,Janković,f,Pays-Bas
Martine,Smeets,f,Pays-Bas
Angela,Malestein,f,Pays-Bas
Jurswailly,Luciano,f,Pays-Bas
Tess,Wester,f,Pays-Bas
Estavana,Polman,f,Pays-Bas
Henny,Reistad,f,Norvege
Emilie,Hegh Arntzen,f,Norvege
Veronica,Kristiansen,f,Norvege
Heidi,Løke,f,Norvege
Silje,Waade,f,Norvege
Stine,Bredal Oftedal ,f,Norvege
Malin,Aune,f,Norvege
Silje,Solberg,f,Norvege
Kari,Brattset,f,Norvege
Linn,Jørum Sulland,f,Norvege
Katrine,Lunde,f,Norvege
Sanna,Solberg,f,Norvege
Marta,Tomac,f,Norvege
Marit,Røsberg Jacobsen,f,Norvege
Vilde,Ingstad,f,Norvege
Fabiana,Diniz,f,Bresil
Alexandra,do Nascimento,f,Bresil
Samira,Rocha,f,Bresil
Daniela,Piedade,f,Bresil
Tamires,Morena Lima,f,Bresil
Fernanda,da Silva,f,Bresil
Ana,Paula Rodrigues,f,Bresil
Jéssica,Quintino,f,Bresil
Bárbara,Arenhart,f,Bresil
Francielle,da Rocha,f,Bresil
Eduarda,Amorim,f,Bresil
Mayara,Moura,f,Bresil
Deonise,Cavaleiro,f,Bresil
Mayssa,Pessoa,f,Bresil
Marta,López Herrero,f,Espagne
Carmen,Martín,f,Espagne
Nely,Carla Alberto,f,Espagne
Marta,Mangué,f,Espagne
Macarena,Aguilar,f,Espagne
Silvia,Navarro,f,Espagne
Elisabeth,Chávez,f,Espagne
Elisabeth,Pinedo,f,Espagne
Nerea,Pena,f,Espagne
Lara,González Ortega,f,Espagne
Patricia,Elorza,f,Espagne
Naiara,Egozkue,f,Espagne
Darly,Zoqbi de Paula,f,Espagne
Alexandrina,Barbosa,f,Espagne
Johanna,Bundsen,f,Suede
Olivia,Mellegård,f,Suede
Carin,Strömberg,f,Suede
Linn,Blohm,f,Suede
Jamina,Roberts,f,Suede
Louise,Sand,f,Suede
Mathilda,Lundström,f,Suede
Daniela,Gustin,f,Suede
Filippa,Idéhn,f,Suede
Anna,Lagerquist,f,Suede
Isabelle,Gulldén,f,Suede
Hanna,Blomstrand,f,Suede
Nathalie,Hagman,f,Suede
Mikaela,Mässing,f,Suede
Sabina,Jacobsen,f,Suede
Jenny,Alm,f,Suede
Neyde,Barbosa,f,Angola
Vilma,Nenganga,f,Angola
Juliana,Machado,f,Angola
Lurdes,Monteiro,f,Angola
Natália,Bernardo,f,Angola
Luísa,Kiala,f,Angola
Cristina,Branco,f,Angola
Azenaide,Carlos,f,Angola
Albertina,Kassoma,f,Angola
Wuta,Dombaxe,f,Angola
Magda,Cazanga,f,Angola
Liliana,Venâncio,f,Angola
Janete,dos Santos,f,Angola
Teresa,Almeida,f,Angola
Isabel,Guialo,f,Angola
Anthony,Ervin,t,Etats-Unis
Florent,Manaudou,t,France
Nathan,Adrian,t,Etats-Unis
Benjamin,Proud,t,Grande-Bretagne
Andriy,Govorov,t,Ukraine
Brad,Tandy,t,Afrique du Sud
Bruno,Fratus,t,Bresil
Simonas,Bilis,t,Lituanie
Vladimir,Morozov,t,Russie
Santo,Condorelli,t,Canada
Kristian,Gkolomeev,t,Grece
Norbert,Trandafir,t,Roumanie
Akira,Kob,t,Japon
Luca,Dotto,t,Italie
Cameron,McEvoy,t,Australie
Italo,Duarte,t,Bresil
Pernille,Blume,f,Danemark
Simone,Manuel,f,Etats-Unis
Aleksandra,Herasimenia,f,Bielorussie
Francesca,Halsall,f,Grande-Bretagne
Cate,Campbell,f,Australie
Ranomi,Kromowidjojo,f,Pays-Bas
Bronte,Campbell,f,Australie
Etiene,Medeiros,f,Bresil
Arianna,Vanderpool-Wallace,f,Bahamas
Chantal,Van Landeghem,f,Canada
Jeanette,Ottesen-Gray,f,Danemark
Sarah,Sjoestrom,f,Suede
Therese,Alshammar,f,Suede
Abbigail,Weitzeil,f,Etats-Unis
Dorothea,Brandt,f,Allemagne
Inge,Dekker,f,Pays-Bas
Penny,Oleksiak,f,Canada
Menghui,Zhu,f,Chine
Miki,Uchida,f,Japon
Charlotte,Bonnet,f,France
Rikako,Ikee,f,Japon
Kyle,Chalmers,t,Australie
Pieter,Timmers,t,Belgique
Duncan,Scott,t,Grande-Bretagne
Caleb,Dressel,t,Etats-Unis
Marcelo,Chierighini,t,Bresil
Sebastiaan,Verschuren,t,Pays-Bas
Zetao,Ning,t,Chine
Joseph,Schooling,t,Singapour
Yuri,Kisil,t,Canada
Clément,Mignon,t,France
Damian,Wierling,t,Allemagne
Y,Sun,t,Chine
C,Dwyer,t,Etats-Unis
J,Guy,t,Grande-Bretagne
T,Haas,t,Etats-Unis
P,Biedermann,t,Allemagne
K,Hagino,t,Japon
A,Krasnykh,t,Russie
Kathleen,Ledecky,f,Etats-Unis
Emma,McKeon,f,Australie
Federica,Pellegrini,f,Italie
Bronte,Barratt,f,Australie
Duo,Shen,f,Chine
Michelle,Coleman,f,Suede
M,Horton,t,Australie
G,Detti,t,Italie
C,Jaeger,t,Etats-Unis
D,McKeon,t,Australie
J,Pothain,t,France
J,Carlin,f,Grande-Bretagne
L,Smith,f,Etats-Unis
B,Kapas,f,Hongrie
B,MacLean,f,Canada
T,Cook,f,Australie
J,Ashwood,f,Australie
C,Balmy,f,France
Michael,Phelps,t,Etats-Unis
Masato,Sakai,t,Japon
Tamas,Kenderesi,t,Hongrie
Chad,Le Clos,t,Afrique du Sud
Daiya,Seto,t,Japon
Viktor,Bromer,t,Danemark
Lazslo,Cseh,t,Hongrie
Louis,Croenen,t,Belgique
Zhuhao,Li,t,Chine
Mehdy,Metella,t,France
Thomas,Shields,t,Etats-Unis
Alexander,Sadovnikov,t,Russie
R,Held,t,Etats-Unis
F,Gilot,t,France
J,Roberts,t,Australie
J,Stravius,t,France
J,Magnussen,t,Australie
A,Grechin,t,Russie
D,Izotov,t,Russie
A,Sukhorukov,t,Russie
N,Nilo,t,Bresil
G,Santos,t,Bresil
J,De Lucca,t,Bresil
G,Surgeloose,t,Belgique
J,Aerents,t,Belgique
E,Vanluchene,t,Belgique
M,Thormeyer,t,Canada
E,Van Moerkerke,t,Canada
K,Nakamura,t,Japon
K,Kobase,t,Japon
J,Koga,t,Japon
R,Lochte,t,Etats-Unis
S,Milne,t,Grande-Bretagne
Usain,Bolt,t,Jamaique
J,GATLIN,t,Etats-Unis
A,DE GRASSE,t,Canada
Y,BLAKE,t,Jamaique
A,SIMBINE,t,Afrique du Sud
B,MEITE,t,Cote d’Ivoire
J,VICAUT,t,France
T,BROMELL,t,Etats-Unis
C,LEMAITRE,t,France
A,GEMILI,t,Grenade
C,MARTINA,t,Pays-Bas
L,MERRITT,t,Etats-Unis
A,EDWARD,t,Panama
R,GULIYEV,t,Turquie
W,VAN NIEKERK,t,Afrique du Sud
K,JAMES,t,Grenade
M,CEDENIO,t,Trinite et tobago
K,SIBANDA,t,Botswana
A,KHAMIS,t,Bahrein
B,TAPLIN,t,Grenade
M,HUDSON-SMITH,t,Grande-Bretagne
J,HARVEY,t,Turquie
N,ASHMEADE,t,Jamaique
M,BRACY,t,Etats-Unis
Z,XIE,t,Chine
H,TAFTIAN,t,Iran
C,UJAH,t,Grande-Bretagne
R,YAMAGATA,t,Japon
K,COLLINS,t,Saint-Christophe-et-Nieves
C,GREENE,t,Antigua-et-Barbuda
A,FISHER,t,Bahrein
Y,KIRYU,t,Japon
S,HART,t,Bahamas
R,THOMPSON,t,Trinite et tobago
J,BEST,t,Sainte-Lucie
J,THEMEN,t,Suriname
J,YAP,t,Singapour
A,WEBB,t,Etats-Unis
S,YAQOOB,t,Bahrein
E,ODUDURU,t,Nigeria
R,SKYERS,t,Cuba
S,BOCKARIE,t,Pays-Bas
K,GREAUX,t,Trinite et tobago
J,BORLEE,t,Belgique
K,TAKASE,t,Japon
J,SAIDY NDURE,t,Norvege
A,ALI,t,Soudan
A,POWELL,t,Jamaique
E,THOMPSON,f,Jamaique
T,BOWIE,f,Etats-Unis
S,FRASER-PRYCE,f,Jamaique
M,TA LOU,f,Cote d’Ivoire
D,SCHIPPERS,f,Pays-Bas
M,AHYE,f,Trinite et tobago
E,GARDNER,f,Etats-Unis
C,WILLIAMS,f,Jamaique
D,ASHER-SMITH,f,Grande-Bretagne
D,STEVENS,f,Etats-Unis
I,LALOVA,f,Bulgarie
S,MILLER,f,Bahamas
A,FELIX,f,Etats-Unis
S,JACKSON,f,Jamaique
N,HATINGS,f,Etats-Unis
P,FRANCIE,f,Etats-Unis
S,McPHERSON,f,Jamaique
O,ZEMYAK,f,Ukraine
L,GRENOT,f,Italie
J,SUMGONG,f,Kenya
E,KIRWA,f,Bahrein
M,DIBABA,f,Ethiopie
T,TSEGAYE,f,Ethiopie
V,MAZURONAK,f,Bielorussie
S,FLANAGAN,f,Etats-Unis
D,LINDEN,f,Etats-Unis
R,CHELIMO,f,Bahrein
A,CRAGG,f,Etats-Unis
H,KIM,f,Coree du Nord
E,KIPCHOGE,t,Kenya
F,LILESA,t,Ethiopie
G,RUPP,t,Etats-Unis
G,GHEBRESLASSIE,t,erythree
A,SIMBU,t,Tanzanie
J,WARD,t,Etats-Unis
T,ABRAHAM,t,Suisse
M,MUTAI,t,Ouganda
C,HAWKINS,t,Grande-Bretagne
E,GILLIS,t,Canada
J,DASAOLU,t,Grande-Bretagne
Kim,Crow-Brennan,f,Australie
Genevra,Stone,f,Etats-Unis
Jingli,Duan,f,Chine
Connor ,Fields,t,Etats-Unis
Jelle ,Van Gorkom,t,Pays-Bas
Carlos,Alberto Ramirez Yepes,t,Colombie
Carolina,Marin,f,Espagne
Pusarla,Venkata Sindhu,f,Inde
Nozomi,Okuhara,f,Japon
Hasanboy ,Dusmatov,t,Ouzbekistan
Yurberjen,Martinez,t,Colombie
Joahnys ,Argilagos,t,Cuba
Greg,Van Avermaet,t,Belgique
Jakob,Fuglsang,t,Danemark
Rafal ,Majka,t,Pologne
Nick,Skelton,t,Grande-Bretagne
Peder,Fredricson,t,Suede
Eric,Lamaze,t,Canada
Emese,Szasz,f,Hongrie
Rossella,Fiamingo,f,Italie
Yiwen,Sun,f,Chine
Inbee,Park,f,Coree Du Sud
Lydia,Ko,f,Nouvelle-Zelande
Shanshan,Feng,f,Chine
Simone,Biles,f,Etats-Unis
Alexandra,Raisman,f,Etats-Unis
Aliya,Mustafina,f,Russie
Margarita,Mamun,f,Russie
Yana,Kudryavtseva,f,Russie
Ganna,Rizatdinova,f,Ukraine
Lasha,Talakhadze,t,Georgie
Gor,Minasyan,t,Armenie
Irakli,Turmanidze,t,Georgie
Khasan,Khalmurzaev,t,Russie
Travis,Stevens,t,Etats-Unis
Takanori,Nagase,t,Japon
Sergiu,Toma,t,Emirats Arabes Unis
Roman ,Vlasov,t,Russie
Mark,Madsen,t,Danemark
Saeid,Abdvali,t,Iran
Hyeon-Woo,Kim,t,Coree Du Sud
Eri,Tosaka,f,Japon
Maria,Stadnik,f,Azerbaidjan
Yanan,Sun,f,Chine
Elitsa,Yankova,f,Bulgarie
Ferry,Weertman,t,Pays-Bas
Spyridon,Gianniotis,t,Grece
Marc-Antoine,Olivier,t,France
Chloe,Esposito,f,Australie
Elodie,Clouvel,f,France
Oktawia,Nowacka,f,Pologne
Aisen,Chen,t,Chine
German,Sanchez,t,Mexique
David,Boudia,t,Etats-Unis
So-Hui,Kim,f,Coree Du Sud
Tijana,Bogdanovic,f,Serbie
Patimat,Abakarova,f,Azerbaidjan
Andy,Murray,t,Grande-Bretagne
Juan Martin,Del Potro,t,Argentine
Kei,Nishikori,t,Japon
Ning,Ding,f,Chine
Xiaoxia,Li,f,Chine
Song-I,Kim,f,Coree Du Nord
Niccolo,Campriani,t,Italie
Serhiy,Kulish,t,Ukraine
Vladimir,Maslennikov,t,Russie
Hye-Jin,Chang,f,Coree Du Sud
Lisa,Unruh,f,Allemagne
Bo-Bae,Ki,f,Coree Du Sud
Uladzislau,Hancharou,t,Bielorussie
Dong,Dong ,t,Chine
Lei,Gao,t,Chine
Gwen,Jorgensen,f,Etats-Unis
Nicola,Spirig,f,Suisse
Vicky ,Holland,f,Grande-Bretagne
Nino,Schurter,t,Suisse
Jaroslav,Kulhavy,t,Republique Tcheque
Carlos,Coloma,t,Espagne
